"","Amauria_brandeegeana_62","Amauria_carterae_99_mesa","Amauria_rotundifolia_SRR9119150","Conoclinium_coelestinum_SRR9119114","Eutetras_palmeri_63","Eutetras_pringlei_149_quer","Eutrochium_fistulosum_SRR9119106","Galeana_pratensis_104_mex","Helianthus_annuus_SRR9119062","Lycapsus_tenuifolius_17","Pericome_caudata_50_silver","Perityle_aglossa_84_dead_horse","Perityle_ajoensis_204","Perityle_ambrosiifolia_67_green","Perityle_angustifolia_13_Eagle_creek","Perityle_batopilensis_97","Perityle_bisetosa_9","Perityle_californica_76_positas","Perityle_canescens_77","Perityle_castillonii_96","Perityle_cernua_84","Perityle_cfvillosa_25_tin","Perityle_cinerea_113_Powell1310","Perityle_coahuilensis_24","Perityle_cochisensis_44_cave_creek","Perityle_congesta_202","Perityle_cordifolia_27","Perityle_cordifolia_68_tecolote","Perityle_coronopifolia_28_patagonia","Perityle_crassifolia_70_ventanas","Perityle_crassifolia_74_playa_balandra","Perityle_cuneata_34_cuneata_San_antonio","Perityle_cuneata_4","Perityle_discoidea_81","Perityle_dissecta_201","Perityle_emoryi_47_punta_san_jose","Perityle_feddemae_99","Perityle_fosteri_93","Perityle_gamon_221","Perityle_gentryi_8_san_francisco","Perityle_gilensis_22_Superstition","Perityle_gilensis_salensis_225","Perityle_glaucescens_94","Perityle_gracilis_11","Perityle_harkerae_31","Perityle_hofmeisteria_4_nombre_de_dios","Perityle_huecosensis_48","Perityle_incana_3_ucla","Perityle_intricata_59_Clark_mtns","Perityle_inyoensis_9_pleasant","Perityle_jaliscana_203","Perityle_lemmonii_12","Perityle_lemmonii_85_hachita","Perityle_lemmonii_colossal_cave_206","Perityle_leptoglossa_20_rancho_las_laminas","Perityle_lindheimeri_34","Perityle_lineariloba_78","Perityle_lloydii_79","Perityle_lobata_119_mesa_tinajas","Perityle_megalocephala_19_meg_Echo","Perityle_megalocephala_29_tin_mountain","Perityle_microglossa_73_tecolote","Perityle_microglossa_83_isla_venados","Perityle_montana_80","Perityle_palmeri_21_rancho_nuevo","Perityle_parryi_80_lower_window","Perityle_pseudociliata_140","Perityle_reinana_7_mazatan","Perityle_rosei_74","Perityle_rosei_jalisco_223","Perityle_rupestris_10_rupestris_davis","Perityle_rupestris_30_albiflora_chisos","Perityle_saxicola_224","Perityle_socorrensis_san_benedicto_213","Perityle_specuicola_41_negro_bill_canyon","Perityle_stansburyi_42_rock_spring","Perityle_staurophylla_42","Perityle_tenella_86_Beaver_dam","Perityle_trichodonta_bolanos_208","Perityle_turneri_33_Mexiquilla","Perityle_vandevenderi_117_sierra_cucurpe","Perityle_vaseyi_ernst_209","Perityle_vigilans_109","Perityle_villosa_45_Hanuapah_cyn","Perityle_yellow_87"
"At1g01470",1598,359,NA,733,856,627,603,964,1766,1320,843,1782,775,1656,1428,905,812,472,1100,1403,789,1246,305,721,418,1039,1089,2738,1478,1334,825,784,NA,1626,2013,479,448,1781,1630,659,1624,959,835,645,632,2242,1018,370,773,2033,429,712,432,2078,424,1419,1043,1045,1053,1382,1818,245,522,710,464,1218,2101,388,826,NA,501,758,1532,881,1887,530,837,471,934,2242,738,1433,605,990,1989
"At1g03250",966,432,1111,819,1075,NA,724,349,810,951,1281,1161,1216,945,NA,863,1300,766,542,1002,920,967,259,1792,926,1317,1270,1351,1107,618,246,1238,1361,650,1163,783,1078,886,1034,827,1177,1173,1322,535,1133,1597,950,437,1351,1329,1030,874,1115,894,1103,824,823,531,481,1421,1480,705,497,917,266,1465,1150,965,949,1213,252,967,1435,758,1426,327,1172,304,1057,1356,1028,1035,239,1462,1044
"At1g04560",403,271,1006,1186,1053,348,772,NA,918,995,390,1103,1071,1053,301,1092,636,282,913,919,881,867,NA,1460,755,1088,1041,1458,1562,415,556,1118,1018,837,1070,879,1178,947,1068,852,312,983,1253,687,902,1417,1085,677,1332,1201,1015,925,1171,1140,594,791,972,555,490,865,1346,905,389,648,373,414,1059,399,1177,1260,453,964,1333,602,1215,879,945,354,1099,1231,1443,937,307,1187,974
"At1g05720",2782,1034,2393,1616,2200,NA,1450,673,1827,921,2904,1397,1189,1596,844,889,2161,1716,1400,1466,1690,1074,263,1457,152,2607,2528,2685,2376,1170,213,3029,1126,787,NA,966,2468,867,2388,1938,2479,1178,2683,1891,2650,3232,1336,NA,1260,1993,2056,1706,1134,902,1283,389,2023,1123,1023,1573,1881,1819,815,1014,764,2959,2148,2635,1986,2795,378,740,1442,1765,2577,1666,986,1075,1856,2631,1265,1092,916,1733,2454
"At1g11790",928,400,1106,723,1077,294,844,238,1257,1111,1332,1153,1054,920,558,966,1047,808,704,1039,1057,904,482,1590,1047,1448,1278,1238,1445,669,267,1060,1107,961,1206,983,1211,1006,1109,973,1243,1165,1042,873,957,1479,926,860,NA,1204,1171,977,1374,1206,1242,1023,922,573,535,1262,1516,838,468,415,488,1404,1187,1058,1017,1183,270,1175,1377,728,1311,1249,1251,410,847,1268,886,1145,508,1563,1192
"At1g12840",954,610,1184,825,1029,679,889,432,842,938,1303,1312,1143,1123,786,1103,1786,1045,963,1080,786,1119,740,1731,895,1138,1463,1525,1348,1177,614,1206,875,850,1271,979,1112,924,1400,1832,1384,1109,1386,751,1473,1607,1177,1227,1534,1560,1156,869,994,1018,754,937,983,621,567,1271,1228,717,736,541,547,1781,935,823,1120,1294,250,932,1698,823,1018,952,864,503,967,1398,1267,1107,691,1319,1371
"At1g13700",2170,1088,2081,NA,949,1121,1943,373,1448,1268,2375,1348,1780,2029,1557,2089,3442,1117,1975,2141,3586,2288,1010,2775,2331,2250,2504,2517,2459,1346,1046,1638,2342,2143,2196,2004,2204,2122,2293,2182,3508,2335,2323,1893,2305,NA,1931,298,2240,2498,2254,1916,2074,2070,2235,2064,2008,1416,1278,2152,2563,1426,830,2095,1110,2675,2319,2185,2089,1911,531,2345,2558,2108,2267,2388,2329,1002,2148,2539,2363,1973,528,2360,1892
"At1g14620",1367,1163,1304,935,1267,290,1095,250,1586,2330,3209,1369,1209,2350,1831,1969,1343,1609,919,327,1451,1384,544,1715,1181,1338,1482,2928,1440,1077,701,1637,2748,1875,1038,1861,2658,1046,1315,1068,2438,2696,2781,1247,2347,3224,1357,1109,1385,1225,1167,2084,1656,2739,1427,2111,1053,721,801,1537,1072,959,449,1056,650,3448,2641,2541,1042,1428,649,1131,1644,2286,1517,1283,1246,534,1131,1613,2405,1125,1084,1218,1817
"At1g15140",1027,649,1117,865,729,261,1328,329,929,836,1294,1294,1062,1084,879,1198,1382,689,707,1048,471,957,337,1405,988,1094,1457,1463,1359,714,413,1229,1894,842,1178,746,1370,1088,1363,1135,1475,1160,1454,985,993,347,1209,907,1316,1434,1190,980,1187,1199,1276,1074,716,712,744,894,1313,804,275,415,423,1470,1290,291,1007,1255,338,1081,1222,876,1203,1083,1036,584,1190,1162,1236,1246,676,1192,1140
"At1g16080",1458,1179,2219,1379,1813,415,806,335,1360,890,2208,2294,2307,1810,1265,1374,1549,1779,1586,1002,1924,1755,329,2638,2052,3057,2663,2544,2412,716,778,2714,NA,674,3492,1742,2359,1711,1519,1862,2260,2298,1976,1106,2150,2115,2462,NA,2372,1174,1089,1787,2117,2040,2304,1375,1716,979,1165,1632,2526,797,712,677,1090,2519,2314,2224,2197,1526,361,1794,2613,2040,1512,1631,2303,788,1771,2666,2541,1000,649,2477,2365
"At1g18170",1157,368,1104,401,1131,NA,903,NA,1091,1012,1426,1086,1037,786,598,1316,1244,810,948,825,1050,1035,418,1468,936,1130,1540,1614,1167,749,539,1178,618,1066,1256,1152,1717,929,582,935,1657,1098,1528,752,1496,1506,1069,654,1313,1084,1185,893,1129,891,1236,912,1003,827,542,997,1111,944,400,875,469,1448,1229,1215,1057,1107,228,1034,1325,1058,981,695,918,451,991,1611,1285,956,471,1012,1061
"At1g20540",1871,946,1814,1494,1836,395,916,768,2116,1803,2539,2078,1980,2165,1776,1839,2096,1492,1513,1852,1820,1835,561,2312,2092,2073,2060,2266,1350,1426,668,2189,1222,796,1956,2242,1978,1559,2689,1889,2149,1968,1557,1903,1775,2778,2194,874,2418,2234,2029,2004,2080,1670,1845,1965,1437,1102,1080,2080,2275,993,488,NA,755,2262,1412,2378,1548,1915,794,2105,2235,1613,2201,1933,1888,705,2076,1205,1686,1900,862,2265,1900
"At1g23820",973,447,1008,1510,1068,398,1672,594,749,1203,1254,1081,2280,1658,872,1012,2571,1600,917,1289,1957,2095,338,1608,1878,2372,1180,1263,1287,997,439,1740,1608,1013,1165,1677,1111,1852,1148,976,1537,1294,1377,2218,978,1413,1321,1536,1245,1343,1247,2066,1822,2267,1112,1829,1157,565,512,3337,1421,1058,415,1290,1127,1472,1063,2311,1133,1140,NA,3237,1489,1005,2766,1909,3613,1053,952,1375,1256,2397,465,2762,1194
"At1g26810",1368,1074,1764,1303,1733,288,1970,699,1674,NA,2049,1906,1903,1826,1309,1947,1857,1333,1589,1727,1769,1796,324,2474,1926,1958,1956,2203,1674,1374,952,2112,1931,1420,1975,NA,1963,1641,1940,1775,1715,1873,1936,1643,1695,2002,2056,800,1989,2255,1864,1938,2178,1891,1760,1568,1695,1175,1169,1944,2028,1809,670,1336,913,1738,1285,2164,1698,2140,938,1624,1302,1537,2243,2060,1957,805,1967,2020,1748,1930,987,2063,NA
"At1g26880",1665,278,1207,1231,854,NA,740,385,235,1016,1163,1544,1923,1445,471,991,2225,451,1267,1038,1786,1247,228,1168,1899,2265,2681,1070,1998,802,328,1412,1735,851,1086,1233,1262,1448,843,662,961,1926,1166,1951,894,1586,2055,792,1611,905,909,1814,1108,2106,1571,1672,1651,480,293,1467,1177,669,NA,1559,256,2553,2085,1549,1061,1337,270,1630,2524,811,1807,1370,2562,235,958,1568,1630,2019,350,775,1008
"At1g31160",876,564,1128,742,1034,292,981,526,762,1544,1291,1202,1045,1034,851,1076,542,707,729,959,1036,1133,270,1533,1177,1125,1320,1541,1347,783,298,1080,904,1603,1405,1436,1117,852,1677,1090,1575,1132,NA,1077,1027,1637,1276,893,1369,1273,1113,977,1094,1197,1208,957,926,485,546,1111,1420,898,351,798,352,1281,1078,1080,833,1225,277,975,1275,1014,1448,1258,1121,411,931,1511,1086,1287,442,1543,1073
"At1g33810",351,544,1140,795,1091,624,596,324,864,1012,1472,994,1149,1169,743,875,1029,772,635,969,687,1012,250,1459,746,806,1432,1152,1001,507,240,944,1241,819,1265,1011,1446,929,1285,907,983,1062,1012,394,1145,1486,1291,571,1276,1241,1175,1061,959,1233,710,861,1101,609,567,1001,1470,1060,501,880,399,1385,1229,152,814,1303,533,1047,1620,971,1366,1252,1174,459,943,1235,911,1166,472,1201,1305
"At1g34220",2028,953,2212,1448,2052,523,1415,338,1670,3197,2524,1963,2003,1923,1933,1000,3619,1510,1215,2799,2869,1959,247,2932,1908,2391,2989,2469,2280,1666,572,3526,2949,1816,2463,1528,2002,1037,2305,1992,3297,2256,2525,2010,1950,2474,3203,1718,2377,2528,2845,2812,3656,1931,2724,2890,1936,1102,1143,2287,2725,1969,281,1269,634,2952,1961,1943,2096,1388,841,3405,2930,1765,2556,1735,2042,741,1898,1334,2433,1690,820,2743,2212
"At1g36240",977,693,1104,682,1000,400,875,280,738,792,1058,1002,1854,1432,970,1053,1761,599,650,1101,889,1418,352,1517,814,1124,1093,1151,1294,736,688,906,1278,892,1146,815,865,808,1185,978,1234,1305,1106,944,1122,1490,1112,892,1145,1284,1451,793,997,900,NA,1145,951,500,646,1213,412,738,424,1029,754,1340,973,1287,1045,1140,233,943,1253,887,1206,727,970,378,910,1470,883,1238,530,1089,1030
"At1g47640",2487,1179,1348,1816,1720,288,1913,892,1789,932,3624,2819,2525,1244,1618,2719,2929,2467,2169,1248,1538,2515,1184,3273,2193,2918,2934,3301,1509,1002,611,3456,1752,835,2869,NA,2915,1791,2533,2663,1520,2698,3816,2366,3822,3354,3324,839,3033,2555,2826,829,1484,1525,3675,2969,2931,1451,1632,3806,3063,1971,999,1637,1368,1941,2194,3845,2162,3147,716,2924,2532,2239,2969,2932,1067,1173,2079,2745,1738,2454,1783,3189,1089
"At1g51510",1008,440,1053,686,951,268,676,466,NA,711,1201,1156,1032,992,421,1007,832,581,705,840,815,731,308,3048,745,1008,1321,1394,695,424,303,1037,1951,713,1040,689,1271,953,1077,1829,1141,1110,1334,503,957,1433,2095,747,1070,830,461,501,1026,1039,933,814,793,508,547,824,1020,723,358,1055,369,1314,1075,1134,1056,2489,230,968,1329,861,983,529,1034,310,1115,1100,754,998,322,931,1407
"At1g53645",1829,833,3046,793,1658,277,1577,789,824,1668,2283,2329,1862,1705,887,1819,2142,1073,1212,1506,1507,1898,748,2397,1856,2149,2139,1978,1746,1152,713,2005,2107,1708,1010,1726,834,1234,1608,2023,2308,2037,1817,2004,1679,2242,1724,1147,2308,1803,1762,1952,1452,2039,1899,773,1703,940,1137,1943,2236,1416,281,1936,862,2373,1779,2073,1128,NA,653,1690,2511,1634,2202,2028,1307,761,1371,1954,1945,2065,636,2025,NA
"At1g55310",1113,596,1203,820,937,573,701,408,805,1195,1502,1968,1104,1131,659,1221,1009,873,717,865,783,1199,335,1800,1071,1153,1432,1461,1291,644,580,1133,1318,808,957,960,1215,678,827,1092,1170,1193,1096,832,895,1582,1232,724,1387,1614,1022,644,982,1071,749,776,1149,505,665,537,1562,434,332,993,651,1447,1252,1145,1102,1032,472,1267,1652,1303,1074,655,1272,535,1225,1355,1292,1993,476,1289,1499
"At1g60990",2624,1469,2828,1638,2672,1329,1930,1232,1866,2572,3426,2910,2739,1642,2146,2694,3121,2174,2277,2957,2635,2761,1101,3690,1403,3066,3514,3114,3137,1537,1281,2459,2627,2535,2261,3571,2803,2748,3337,2559,1431,2935,2750,2094,2790,3516,3243,1219,3342,3619,2790,2776,2885,3343,2092,2771,3542,1715,610,3132,2462,2280,290,2621,1011,1738,2902,3168,2830,3146,950,2996,3333,2416,1924,1470,2790,597,2736,2784,2807,2942,1571,3400,5857
"At1g61150",3508,819,3717,NA,3521,863,1187,849,2002,3596,2258,NA,2011,2705,2560,1064,2538,1731,2584,1592,1607,1650,616,2231,2541,3718,2033,2077,3151,1276,258,3612,702,2794,3970,2827,3971,1773,1930,2468,2062,2025,2078,1732,1800,2114,2351,2229,4103,1176,2251,3795,3705,1769,2097,1677,1816,615,462,1924,3915,956,647,1775,298,NA,4001,1913,1712,4075,673,2661,2346,2298,2209,3825,2939,379,3478,3466,1917,1950,1824,1733,3921
"At1g63780",2630,596,1969,1434,2497,976,2093,495,1911,1183,1452,3216,1845,1402,714,1983,1979,1333,1381,3076,1707,1247,940,4835,1078,1386,2509,2204,3031,686,540,2232,3205,1036,4062,1701,1231,3303,2700,2212,1530,2918,1265,1162,1908,3736,3788,631,1623,2235,1359,1241,1207,3986,1415,2418,965,838,636,1522,1511,1680,754,1027,511,3237,2142,1253,2538,2867,643,3449,4173,1812,1478,1694,3197,609,2603,1758,1354,3137,504,1568,2929
"At1g64200",1219,772,3075,974,1243,785,1179,947,1645,1340,1517,1708,1406,1291,1013,1460,1553,944,1056,1262,1428,1095,464,1756,1262,1685,1865,1542,1046,793,719,1370,1470,1924,1516,1239,1441,1113,1500,1168,2023,1375,1607,1374,1183,1724,1478,1013,1627,1681,1155,3035,1314,1466,1404,533,1176,847,975,1383,1510,1099,NA,1190,1085,1790,1246,1506,1307,1563,1215,1216,1700,1141,1711,1281,1296,NA,1147,1649,1141,1507,1278,1672,1934
"At1g69640",1014,407,1808,856,878,NA,878,NA,1540,1021,1358,1056,977,2033,1023,1008,690,826,788,958,861,666,367,2403,1087,967,2208,2481,2191,502,356,2125,838,922,990,1488,1971,419,745,962,2353,1147,1041,726,397,1324,1037,713,2324,1016,1732,851,1101,938,1856,1365,1410,870,579,1214,1666,794,297,534,359,1217,900,1126,922,915,239,652,2227,1051,1030,1711,976,418,890,2337,1233,1228,576,1208,1060
"At1g70580",1193,2535,3956,4393,3689,899,3905,1695,3897,2042,3716,5467,4641,4417,3602,5460,5108,2691,3757,4144,3704,4081,1246,8562,4187,4999,4997,5710,4070,3792,1623,2360,6025,2726,4904,2028,6784,3970,6702,3951,4598,4780,4978,4265,5939,5324,4792,3798,4828,4468,4821,4508,4230,3713,4806,3762,1603,3078,2905,4912,5084,3592,1294,3296,2293,8155,5510,4410,4611,1810,1251,4644,5902,4026,4865,4538,4670,2034,4765,4058,4654,7224,2177,4603,NA
"At1g72560",3072,1232,3176,1223,2641,648,1488,945,2015,NA,3878,3347,2616,3661,1846,3708,2733,2212,2092,2443,3687,3593,425,3634,2380,2076,3379,4010,3674,2756,710,1650,4479,NA,3836,NA,3723,3336,4065,2716,3442,3444,3667,2585,3180,4562,3703,901,3973,3930,2367,2940,2847,3515,3619,3461,3756,747,2030,3325,3937,2285,475,3160,1051,4938,3535,3417,2708,3615,585,3735,3445,2889,3908,3680,3565,932,3717,4053,2538,3676,1315,3639,1525
"At1g73230",829,399,1121,1415,4325,498,1033,365,1413,877,3036,3014,1977,1699,1449,2833,1875,NA,1086,2060,2409,1788,341,2713,1603,1623,2398,537,3093,309,345,515,984,961,3397,NA,1969,3502,2262,2292,2115,1067,2520,1082,1879,NA,2930,826,1107,1739,2736,2568,901,888,1639,2629,1901,1132,1520,1611,2317,3181,1034,2088,699,5072,3094,2040,1937,2116,681,2620,1340,734,960,1950,1899,651,1930,2775,846,880,1227,1858,3064
"At1g75220",1011,646,1082,791,1173,NA,765,513,714,1476,1343,1010,1122,1221,768,1057,1285,610,743,1071,968,1222,272,1648,931,1350,2290,1375,NA,1473,230,993,1299,1172,1998,635,2414,1093,1263,1059,1285,1118,1198,1015,1054,2607,1187,870,1285,1397,1162,1103,1534,2184,1007,1036,897,586,616,1100,1313,814,546,1377,412,2127,1122,1158,1323,1193,334,1108,1605,954,1238,1013,1619,549,1045,1965,118,1138,502,1279,1287
"At1g76080",1442,308,1228,750,409,342,1094,356,1493,766,1165,1160,1058,1190,801,1013,899,741,736,825,952,834,268,1449,789,1171,1490,1047,1032,451,464,992,1500,NA,1320,321,1005,830,985,984,1128,1186,1077,871,994,1517,1030,633,1082,951,1115,1164,1301,1105,1060,977,407,623,650,1057,1045,912,350,757,376,1601,1004,633,1058,1167,512,1049,1065,1278,1461,965,1894,317,1019,NA,968,1042,421,1135,786
"At1g77310",972,307,1125,735,1147,497,1523,283,805,916,1435,798,893,833,378,1105,2011,888,700,966,803,903,NA,2336,777,1067,1964,1282,2286,657,552,1295,1009,915,2085,1008,1155,947,1027,1065,2164,2093,2013,839,990,2478,1027,361,835,2211,1179,938,1129,1051,2058,923,837,551,491,1208,1747,414,231,1079,321,2450,1048,1076,1061,938,337,851,2432,911,2205,797,1100,322,1836,2234,1017,2002,334,2272,991
"At1g77350",2392,1008,2324,1423,1327,NA,1485,367,1969,2341,3040,1811,2478,1867,1712,2678,1873,1893,2010,2423,1842,1432,308,3145,2081,2614,2765,3185,2814,2046,571,2780,2384,1280,2656,1859,2613,NA,2723,2679,1843,2728,2948,1360,2297,2843,2031,2030,2509,2507,2487,2791,2539,1178,2406,2346,1353,1044,1065,2718,2697,394,231,1871,446,5228,1762,2517,2561,2423,322,1493,2923,2155,2531,1415,2708,506,1777,1435,2451,2632,545,2606,2705
"At1g79740",2391,1279,2055,1852,2305,268,1883,944,1889,1916,2804,2366,2222,2315,1939,990,2435,2602,1647,2092,2087,2128,1020,2761,1402,2428,2384,2893,2609,1753,1126,2509,2306,1688,2245,NA,2286,1138,2220,2221,2474,2319,2155,1997,2128,2692,2119,1810,2355,2783,2121,2197,2564,1755,2607,2151,1931,1431,1525,2336,2674,2879,1041,1881,1056,2750,2133,2224,2172,2617,513,2127,2546,1942,2584,2489,1150,1326,2285,2540,2348,2329,1094,2475,NA
"At1g80090",831,294,1125,875,1011,297,849,289,821,782,1238,279,1001,1025,516,563,1103,150,740,1080,944,1048,177,1383,763,1094,1425,1342,1373,644,463,866,1209,774,1035,859,978,843,735,694,648,1125,1183,848,730,793,1159,450,1194,1560,994,717,922,973,988,749,795,471,581,1186,1636,203,230,567,416,1544,939,152,1018,836,323,804,1348,871,961,1011,1008,559,818,1239,1298,1031,395,1445,NA
"At1g80350",1133,394,1139,894,1234,671,816,427,NA,1161,1302,1404,1198,1000,664,1141,701,495,611,1026,868,1205,421,NA,1083,1358,1526,1456,1208,968,598,1172,1420,938,1314,1110,1177,1062,1200,1174,1438,1146,1608,1067,1201,1606,1469,819,1391,1442,1072,1082,1234,983,1421,927,895,590,689,1570,1542,659,510,1127,409,1463,1091,1262,1079,NA,909,1200,1619,937,1445,1290,940,421,965,1316,1374,1174,477,1329,1459
"At1g80360",2200,1339,2343,1222,2600,790,2443,304,1081,2407,2676,2601,2604,2529,1007,2647,3012,1406,2194,2861,2559,2402,662,3101,2777,2837,2770,3066,2199,1928,691,3163,2824,747,3491,2046,2696,2583,2724,2497,3205,2657,2639,2663,2597,2746,2902,NA,2947,2729,2599,2639,2689,2656,2677,2262,2286,1758,1457,2920,3115,2441,552,2078,777,2757,2867,2468,2400,NA,300,2565,2862,2403,2989,2360,2689,1022,2242,2723,3453,2775,1471,2918,NA
"At2g01670",743,332,969,859,951,266,738,381,794,1104,1130,1088,1056,834,604,908,548,530,770,960,809,490,232,1449,653,1120,1272,1354,994,410,NA,768,1105,671,1052,454,1169,860,1002,766,907,1004,1119,809,729,1298,971,456,1228,694,822,1079,717,957,1137,551,808,610,491,1012,763,721,NA,1019,NA,1242,1121,1096,875,614,232,871,1280,654,1269,599,700,262,903,1215,828,1008,408,1035,938
"At2g03420",1114,492,1060,910,939,353,860,573,844,809,1198,1063,1009,872,815,1236,1045,1062,968,963,800,989,NA,1480,1066,1177,1345,1378,1696,900,470,1021,956,916,996,891,1172,852,659,995,1201,1110,1041,1092,908,1416,1072,1130,1301,1270,965,1024,1195,1405,1192,876,976,518,606,1098,1462,691,380,797,477,1560,1142,782,1093,1238,NA,969,1352,904,1010,817,970,393,912,1374,970,1178,476,1140,1233
"At2g04845",1020,443,1001,849,969,NA,669,530,863,1035,1018,932,879,1070,662,904,965,676,746,919,891,1236,317,1553,762,1213,1282,1105,1105,650,525,1277,1146,835,1055,1016,1028,1012,1200,832,1652,1219,1289,1000,775,1352,1216,636,1293,1156,942,1083,1191,1002,1201,650,990,347,492,1110,1337,981,247,817,343,1392,1054,653,987,1147,344,1128,1358,785,1100,927,1022,319,953,1127,808,1005,446,1307,1251
"At2g06050",784,762,1655,792,2048,NA,752,655,936,1876,2070,2122,1859,1612,966,2139,1192,957,774,856,1325,1806,234,2499,508,1860,2147,2490,1980,1074,604,769,722,724,2234,883,2237,1743,1697,1905,1188,1834,2088,1611,1482,2383,961,495,2141,2107,1997,1646,948,1582,2184,1684,1796,932,985,1664,1983,490,1160,652,575,2361,1789,2287,944,993,NA,1608,2629,1651,1963,602,1049,731,776,2103,1670,1886,818,2074,1812
"At2g15290",1224,517,1163,832,2141,822,1029,582,991,1060,1560,1272,911,1352,1331,1092,968,801,853,1137,947,2156,400,1639,1678,2410,1656,1550,1441,803,468,1498,684,825,1399,1310,1092,1093,1270,1185,968,2287,1341,2271,677,1746,1205,641,2821,3228,1090,808,1405,1117,1318,1116,1043,556,756,2715,3162,909,733,779,451,1637,1165,436,1042,2568,623,1137,1142,821,3037,2068,1093,383,977,426,1469,1090,430,2493,1416
"At2g16950",1355,866,1352,732,1293,818,1409,378,1023,NA,1375,1535,1553,1024,1221,1159,1638,960,1017,2160,242,1135,573,2152,1216,1450,1538,1649,1521,933,264,899,1411,NA,1546,1258,1128,1413,1495,1027,1494,2009,1211,1361,995,1957,1511,649,1631,1579,1145,1484,954,1797,1574,1300,1130,946,1080,1560,1765,1148,682,1313,787,1952,1360,1461,1257,1469,615,1227,1987,1068,1542,1443,1517,739,1240,1433,1413,1611,415,1288,NA
"At2g17120",1672,682,2014,647,1257,NA,1467,673,1573,1321,1708,998,1290,1253,861,281,1028,153,920,1167,1219,1155,625,1969,1254,1703,1537,1484,667,270,341,281,1023,940,919,NA,589,1318,286,1126,1671,1556,568,1301,539,569,475,626,1564,1401,285,1399,1331,1301,1347,1295,872,814,1028,406,1296,474,252,273,667,1458,1255,1512,1720,267,255,1207,1550,321,1338,768,1191,641,804,578,296,1669,240,320,NA
"At2g23090",1047,303,1078,792,1038,379,851,438,712,1060,1088,688,968,759,611,1056,1395,692,711,920,636,1106,259,1574,982,996,1346,1069,879,691,367,729,960,870,1133,510,1118,1032,1064,939,670,1071,1135,638,785,1577,1215,466,1123,1270,1272,792,991,985,741,429,936,454,638,1179,2152,890,339,782,155,1232,940,963,1036,1381,290,793,1289,1046,1078,1106,869,341,956,1222,853,1048,552,806,1189
"At2g25310",4054,438,2132,1148,1670,573,1918,638,2209,2745,1937,3412,2721,1549,1426,3672,3699,2708,1359,1612,1723,2525,320,4173,2849,3689,4136,1877,1842,1269,483,1637,3668,1455,2016,2936,2906,3134,1982,3410,1901,3430,4000,1599,2473,2131,1889,2659,3816,3801,2672,1694,1847,2488,3072,2219,2996,578,1164,3446,3736,2385,301,4446,815,4027,2505,1804,2748,3525,680,1596,3906,3039,1642,3767,3132,742,1580,1818,1475,1822,1001,1753,1714
"At2g26670",4441,1102,2354,1366,1240,734,1547,849,1839,1749,2121,3200,2895,1747,1643,2914,3002,152,1677,1888,847,2927,469,3273,2231,2982,2986,3460,1290,1696,1449,2135,2599,2270,2239,1801,3436,2781,1080,1810,NA,2934,2709,2539,2653,2963,2813,166,2991,3140,806,818,2996,2786,1167,1873,1453,1628,1176,2633,3283,648,570,866,1148,NA,1509,1463,1965,1866,1127,3645,3100,2178,3225,1856,2844,655,2119,2850,NA,2660,1215,2888,3057
"At2g26970",792,1205,2351,877,726,415,1011,835,794,732,2186,2299,2003,1819,1273,2325,1389,700,1629,2372,1536,1853,245,2531,2285,2304,2216,1902,NA,1077,831,2636,686,802,885,757,2216,1823,1496,1896,2120,2286,2051,1819,887,2027,2657,1523,1951,2581,1881,2068,1890,2082,2016,1648,2019,898,1167,2092,2813,1258,354,785,750,2789,1739,1858,1665,1699,629,1908,2663,633,2277,1954,2107,653,1444,2029,1611,1974,643,2369,1740
"At2g27170",1161,546,1147,868,1105,302,704,520,856,1571,1323,927,1150,1001,1218,1018,1234,959,847,1003,906,1258,320,1584,1168,1327,1522,1492,1274,925,514,997,1319,896,1427,1026,1262,897,1241,1201,1473,1132,1419,1064,1170,1813,1492,1033,1334,1385,1279,1065,1289,1072,1227,688,1001,586,613,1438,1469,735,388,959,389,911,938,1238,815,1253,329,1255,1419,1058,1649,1197,1145,469,1087,1481,874,1064,391,1447,1016
"At2g27450",950,934,2224,1605,1899,385,1629,660,1714,1256,2612,2496,2253,2210,1694,2251,2808,2138,1586,1009,2115,2268,568,2991,1824,2906,4062,2671,2701,1544,746,2034,2527,1062,1337,1141,2273,1794,2708,2142,2425,2456,2642,1106,2113,2885,2315,NA,2665,2637,2150,1969,NA,2223,3049,1764,1945,1137,1146,2712,2849,1942,275,2121,893,3036,2255,1491,2210,1242,427,2286,2758,2027,2818,2303,1026,838,1725,2782,2489,2408,1084,2404,1232
"At2g27470",901,380,111,723,911,382,706,NA,825,788,994,1260,1252,800,525,973,640,712,845,950,927,708,237,1209,236,332,1025,826,975,403,289,NA,478,703,897,717,993,895,979,857,1241,1367,872,1306,831,397,926,820,860,530,959,955,1152,1139,117,622,770,505,535,818,947,725,NA,593,325,940,932,1311,857,1051,409,1097,1228,869,1030,985,1180,297,919,979,1030,627,332,778,1099
"At2g27600",2064,1032,1199,1665,2970,566,1709,678,862,1199,2287,2089,1181,1989,1371,1621,1390,2109,2651,878,1019,2097,1355,2724,2007,1806,2300,4005,2075,2221,1517,3268,1098,1263,NA,2998,2265,1104,2504,1079,2095,2098,1247,2877,3125,2952,2336,1871,2251,2291,2877,2209,2159,2062,2409,782,2704,600,1292,2171,2392,1333,759,1763,985,2501,3072,2491,1037,3274,1364,870,2518,2646,3279,2177,1244,924,904,3330,3331,2169,1043,2552,3208
"At2g27960",784,332,1028,775,776,243,881,265,726,796,965,758,981,784,488,948,1062,631,702,893,736,648,NA,2422,696,1078,944,1299,1062,580,394,803,1258,732,1015,700,1155,985,890,1018,935,1056,1275,775,1020,1497,1102,535,901,811,1144,735,866,1019,976,785,882,501,559,1006,1143,425,478,645,299,1652,888,814,830,1043,417,1041,2337,883,719,916,995,462,766,745,1206,984,252,984,536
"At2g30410",922,451,1099,864,1019,295,899,NA,813,896,1222,1411,1126,943,609,804,874,670,741,1028,974,940,247,1505,764,988,1338,1452,1197,639,485,969,1264,922,1211,910,1194,943,896,950,1141,1066,1196,1059,957,1631,1125,614,1090,1117,1099,1114,1006,983,1141,781,989,599,558,1214,1383,830,380,1024,304,1183,1125,1258,1006,1170,409,1045,1456,894,1059,1062,831,388,879,1280,1152,944,641,987,1124
"At2g31040",1993,1065,2336,1122,1679,NA,1699,684,1895,3436,2579,2239,1950,1294,753,2162,2334,1745,1524,2079,1614,2068,586,2961,1976,2404,3046,2149,2437,1735,1095,2441,2299,2790,2513,2043,2493,2000,2008,2058,2849,2394,2245,1208,1829,2574,2724,NA,1538,2181,2409,2086,3137,2636,2037,2060,2061,1035,1449,2278,2362,2324,441,2483,297,2419,2163,2588,2119,1359,274,2119,3034,1718,2412,2184,2088,885,1867,2348,2339,2193,1029,2292,2069
"At2g32520",1291,871,1086,798,2034,265,867,348,828,1502,1188,1297,957,1030,733,2021,884,1639,1399,978,637,1109,NA,1489,1078,1161,1181,1099,2123,597,470,1813,1149,2561,1209,1913,1153,960,1251,1981,2192,1115,1198,1009,1059,1569,1169,757,1371,1227,1917,2039,1266,1093,853,1057,1770,579,643,963,1097,1706,250,1522,476,2015,1132,364,1946,2551,NA,944,1494,1069,1264,997,1020,414,1799,1649,1095,1023,379,1209,2223
"At2g33220",862,857,2092,1534,1816,466,990,719,1865,1870,2479,1104,911,810,1136,980,1124,661,1025,833,1683,967,278,1443,626,1176,1177,1424,2083,753,965,1899,1015,1457,1091,NA,2003,991,1722,1953,765,1034,1924,829,1578,2860,1078,347,1076,1035,1604,971,1036,1133,651,828,1353,485,530,1057,1148,538,603,1281,472,1142,2109,945,1877,1160,579,662,1202,1059,1026,1055,1004,721,1784,2602,2240,1036,668,976,1069
"At2g36230",1873,389,1071,765,1255,269,1557,709,1835,1152,2554,2589,2125,2013,1032,2000,1338,2107,1618,1911,2060,1556,514,2817,1867,2385,2859,1233,1528,1561,294,2352,1960,1540,2437,NA,1608,1874,2739,1892,2256,2273,2224,2131,1710,2979,2208,671,2520,2307,1778,2213,2498,2379,2475,1821,2430,880,505,2277,2554,1723,317,1094,833,2778,900,2110,739,2412,370,1944,2963,2006,2634,1917,1317,1162,2225,2628,2038,1162,891,2463,NA
"At2g36930",961,523,1152,250,800,NA,914,NA,483,803,1150,702,1015,931,444,841,1466,724,701,946,616,1011,NA,1131,804,1143,1120,1060,983,550,456,1152,959,846,1091,818,1225,561,652,727,1348,1021,905,921,829,1265,1139,619,1321,1273,750,882,747,978,1161,763,101,482,523,977,1279,830,262,694,438,1283,1131,973,1038,1017,344,786,1174,918,1194,500,511,449,919,1082,1178,983,434,1206,1194
"At2g38040",1736,2078,1798,1064,1515,1246,2839,963,1066,1493,1704,1496,2281,1553,1162,1719,1112,1448,1494,1704,1689,1740,792,1877,228,1617,1816,1676,2796,1199,760,NA,1826,2676,1378,1485,2101,1224,1768,1193,771,1546,2284,1588,1740,3241,1750,1503,2805,1750,1782,3035,1853,1444,1580,1348,1465,1054,959,1625,1422,1495,1084,2297,1281,1132,1864,1584,1641,NA,1076,1373,3027,1450,1496,1490,1631,860,1528,1897,1516,1184,1055,1024,NA
"At2g39780",1236,593,1092,790,926,418,848,425,695,1221,1076,1183,1110,806,742,1100,1208,690,782,993,921,807,267,1529,860,1000,1308,1414,1119,514,268,966,912,811,1386,848,1007,795,1464,996,1407,1193,1206,763,909,1530,1213,767,1041,1042,991,1100,1569,1193,996,948,725,594,450,989,1413,761,300,588,389,1426,1139,1057,949,1416,269,1110,1600,831,1047,921,887,349,1016,1181,1687,1114,737,1516,1171
"At2g40620",397,519,1112,801,973,326,865,393,770,911,1231,1045,1533,1210,676,650,1521,906,585,253,899,1082,319,1515,1024,1656,1258,1347,2180,291,418,1040,744,303,1129,785,281,445,1226,1051,814,870,602,1025,269,1532,1102,309,993,1167,278,323,1169,1114,1076,804,NA,553,261,1051,1226,527,306,NA,455,1459,1061,936,1397,507,NA,1127,897,935,1333,752,1156,446,1467,1233,917,1029,453,1265,658
"At2g41490",2586,1901,2885,2039,1520,789,2238,802,1778,2588,2803,3170,3593,3789,2856,2809,3047,1174,1253,3057,2874,3183,570,3360,3645,5818,5127,3321,2726,1266,560,1449,2869,2509,4800,3602,3111,3325,2728,2555,6624,2852,3170,3589,1479,5087,2668,3000,3970,2872,1042,4570,3978,2734,2174,3351,1514,NA,1283,3936,2983,2413,393,1280,757,3764,4490,2708,1587,3173,320,3140,5334,3442,2706,2654,3181,1103,1486,4063,3335,2506,1091,5094,4748
"At2g44140",1536,843,1580,1363,1292,947,1737,1294,1597,1547,1842,1588,1739,1613,1242,1563,1972,778,1177,1373,1203,1538,319,1927,1103,1577,1874,2013,1773,1227,981,1308,2335,1337,1558,1336,1506,1356,1529,1478,1542,1578,1504,1498,1509,2178,1772,1351,1721,1723,1528,1271,1885,1672,1721,1455,1253,857,964,1672,1509,1251,1187,1524,814,2032,1695,1605,1652,1135,1061,1545,1932,1302,1906,1611,1566,941,1480,1787,1520,1588,950,1855,1543
"At2g45620",1362,1017,1498,1160,1434,331,1224,1078,1249,1478,1685,1794,1470,1445,1487,1500,1794,1080,1233,1390,1505,1538,665,2002,1556,1609,1672,1713,1574,1096,698,1650,1655,1347,1704,NA,1541,1369,1573,1403,4363,1581,1673,1427,1475,1867,1559,933,1604,1796,1638,1480,1666,1477,1709,1346,1440,913,975,1695,1787,1493,742,1446,927,1895,1312,1546,1407,1608,743,1444,1883,1246,1691,1601,1473,648,1345,1792,1607,1827,928,1667,NA
"At3g02540",992,491,1025,787,1121,316,1575,418,726,1000,1398,1074,944,920,585,1141,1744,151,781,879,633,1000,432,1381,978,1298,1405,2596,1479,817,509,905,1251,871,1159,1016,1057,1571,1299,1052,1234,2004,1375,1006,944,1510,1250,427,1294,1161,1021,1853,1109,943,1434,1546,895,639,576,1279,1504,835,329,847,298,1606,1100,1145,1014,1217,231,956,1677,806,1346,1149,1063,373,1028,1892,422,929,342,1139,1185
"At3g03100",830,856,2060,1481,1402,293,1409,732,1303,829,1375,2047,839,1948,616,1930,2009,1174,1177,759,2032,860,265,2534,2470,1975,3589,2300,1256,1152,555,1906,1795,875,2614,1451,1428,1644,2055,1663,2224,2638,1463,1181,1177,2335,2048,1116,2113,2181,1180,2709,832,2155,1772,1644,1014,440,1155,867,1047,906,392,1063,749,4721,1273,2604,1636,NA,232,1798,2368,1624,1135,824,1835,820,1573,1611,2027,3593,896,1042,2164
"At3g04610",884,489,1234,472,931,284,859,292,773,958,1216,1344,692,736,863,1008,1308,735,821,834,954,1194,357,1469,854,994,948,1470,1351,697,398,1228,1293,944,1143,990,1042,959,1048,1008,885,979,1164,945,1235,1459,930,794,1237,1266,1216,304,1025,983,1092,856,939,591,391,1060,1346,688,461,600,303,1319,856,1003,833,1073,422,1085,1541,1058,1097,875,941,300,845,1122,1088,993,498,1353,1020
"At3g05070",746,544,1386,747,1218,NA,856,679,1021,1400,1237,1362,1115,1288,576,1216,1490,1116,1126,1219,NA,1189,506,1691,NA,1399,1768,1431,1466,722,601,1364,1435,999,1503,1148,1349,1101,1297,1187,1497,1720,1484,1069,1173,1498,1399,566,1595,1430,232,1268,1674,1639,785,1195,994,773,622,1214,1563,1167,751,1316,637,415,1334,768,1074,1371,700,1355,1715,1145,1527,1568,1327,637,1155,1528,1209,424,641,1367,1393
"At3g06050",2052,1192,2239,1375,1827,268,2050,255,1476,1889,2419,2898,712,1133,1266,1437,2403,943,1775,914,1809,1978,657,2094,994,1013,1585,4119,NA,1166,715,1220,1086,1127,2053,744,2367,746,4183,1648,NA,1152,1204,914,1750,4242,2337,1712,2500,1103,1013,695,2481,391,1168,1583,2171,1619,1221,2281,2600,1066,321,2807,852,2671,804,1001,1943,1404,361,905,2434,1639,994,646,1854,980,2050,2135,951,2150,686,2393,2171
"At3g07470",1605,535,1795,1282,2249,NA,785,1125,NA,1877,2357,2314,2542,1786,1383,2143,1866,2100,1580,1604,2004,2078,1944,2292,1804,2018,1021,2642,1078,2443,855,1556,854,2697,1846,1622,3183,1544,1877,1991,2127,1135,3107,1808,2815,2929,2126,1806,2028,2203,3163,1831,4072,1704,795,2019,791,1195,2008,2114,2038,1578,689,1925,899,2677,1103,1929,1823,2233,605,822,2355,728,3582,1977,1851,1029,1634,3613,2203,2066,839,1871,3105
"At3g09740",1014,565,1149,1583,1021,571,767,587,792,1160,1064,2256,1266,1366,861,899,1474,2055,892,1114,691,797,253,1577,950,1252,1294,1049,1258,1009,365,827,1046,871,401,767,1124,936,1270,858,1473,1096,1323,561,1066,2731,1141,629,2113,1112,1358,1730,1072,1126,1197,929,866,624,555,1217,1376,599,443,982,375,1343,1180,611,1004,1208,339,1136,1277,832,1164,881,1173,425,908,1139,1483,1065,613,1295,1303
"At3g10920",2169,1001,2014,302,1854,564,2449,834,713,1059,1198,1953,3000,1490,1376,2123,2856,1250,827,1770,1581,1608,333,2442,1465,1703,2640,2550,2138,1146,1031,2272,1889,996,3432,1689,2226,1790,2283,809,1774,1901,731,2013,614,2326,3200,1150,1046,1763,716,1840,2073,1789,3403,1973,188,1045,967,2031,4559,1243,NA,2263,1024,2490,2015,1420,1847,2283,NA,1064,2444,1664,3212,1749,1750,861,1899,2195,1732,2106,824,2482,3269
"At3g12600",1126,627,1191,787,1234,264,795,407,888,1199,1385,1231,1031,1140,557,1221,1193,151,823,851,893,1029,278,1463,1093,1109,1527,1496,1122,696,413,1095,1080,792,1245,499,2552,984,1159,978,971,1080,1237,971,986,1413,1374,912,1223,1206,801,1011,1236,1181,1177,999,866,594,710,1191,1019,638,403,869,514,1313,2387,1259,1130,1372,421,309,315,952,1466,1409,1127,454,1053,1271,1178,1119,477,1155,698
"At3g13200",2662,1109,2609,1412,2545,265,1942,524,812,1691,3026,2022,2561,2178,1298,3138,1957,600,1826,2883,1602,1627,390,3741,1487,3011,2268,2145,2682,394,1050,694,2665,2127,2981,717,2876,1593,3087,1432,2062,2965,3355,1835,2054,3532,3173,NA,2511,2452,2734,1840,2349,2394,1486,595,1001,1573,1205,1721,2634,451,301,2710,292,2783,3072,1447,2868,2711,385,2558,3368,1628,1706,2285,2457,1115,2001,2726,2289,NA,832,2447,1741
"At3g15640",1002,472,1159,1269,1033,596,989,284,895,1152,1097,1234,942,1040,905,1071,155,954,950,925,289,1099,359,1129,519,1137,1406,1589,1261,479,567,1088,1252,982,1338,994,1188,1109,1284,1066,1407,1080,1341,1199,660,1022,1106,264,1420,1250,1138,1065,1358,1210,1280,1074,960,1268,614,1178,1153,1159,442,1042,452,1382,1078,819,1085,1176,508,1196,530,973,859,793,1109,437,981,1538,1133,1139,421,1019,1091
"At3g18760",769,357,927,762,824,314,1167,503,826,941,1095,988,910,970,656,962,185,739,714,909,880,922,NA,1409,1039,1107,1309,1573,1310,715,340,367,560,765,827,973,1036,994,1149,1025,1251,1117,1400,1026,956,1472,1147,510,1131,1105,1186,1003,972,1207,930,798,884,573,945,1250,835,623,237,650,NA,1248,1054,1132,845,1181,416,1052,1323,801,1276,843,765,379,912,1083,705,358,522,1076,999
"At3g19900",1279,426,1049,719,982,NA,759,437,907,966,1147,1105,1171,553,476,1297,1418,683,759,704,601,917,340,1374,950,1182,1249,1271,1265,720,347,977,1194,936,1155,805,1101,894,978,884,1108,1144,1299,833,826,1317,1111,1187,1335,NA,1078,946,1163,1103,1097,1900,798,567,569,1012,996,887,NA,854,348,1625,1038,965,866,1168,383,1717,2002,809,1163,688,1042,295,1062,1096,1287,1148,507,1152,1213
"At3g21400",1836,983,1194,1140,2100,692,1116,758,1651,2157,2459,2400,1535,2024,1836,2478,2921,1900,1562,1617,2022,1527,594,2765,2241,1168,2229,2741,2718,1286,622,1196,1620,1485,2577,1066,2328,2063,2225,1664,2365,2108,2433,2010,2097,2977,2900,NA,1596,2588,1970,1985,2650,2362,2114,1986,1059,1226,1436,2273,1905,1520,758,699,830,3412,2176,2309,938,1312,354,2310,2873,1585,2302,2161,2319,995,1975,2476,2574,968,1015,2851,NA
"At3g24730",980,329,2172,787,1501,275,1254,619,281,824,2238,2112,1708,1839,1302,1811,524,806,1490,772,849,1303,136,1865,1320,1556,NA,1401,1235,841,290,1737,1121,1308,2088,2479,1249,1591,1036,2010,965,1758,1310,1310,919,1370,1108,349,1519,1655,775,1863,1973,1920,1278,1241,927,547,562,1435,1773,1273,229,1137,342,1574,1902,484,1521,2064,255,726,1424,783,1702,1848,1752,283,1721,1401,1819,970,340,1955,1475
"At3g26070",1089,442,605,748,980,NA,775,257,1239,969,1031,1139,1008,782,564,1023,1054,994,940,1024,803,1650,NA,1188,938,1109,1313,2159,883,1017,734,832,1023,788,737,793,2159,797,1880,645,943,2318,2009,785,1003,2895,1060,442,1309,1019,1970,1071,1931,1066,870,879,817,578,524,1228,1367,911,348,872,354,1540,1053,466,900,1116,NA,946,1359,935,1314,635,922,345,1326,751,1751,1308,395,2272,1173
"At3g27340",859,1007,1969,834,1886,242,1611,679,1605,1976,2568,2482,2097,1014,NA,1908,844,1595,816,1741,908,1875,491,1142,1662,1798,1909,2386,2395,577,753,NA,1937,1472,1824,1469,2168,906,2303,778,2606,1924,2246,1803,1999,2831,1970,597,2097,2104,1800,NA,725,1938,1832,841,1531,838,949,1117,1828,1424,550,678,281,2522,1460,1218,1852,1139,675,1800,2464,1656,2105,1159,1061,261,1948,2220,2310,1950,398,2110,2260
"At3g44680",950,513,1031,792,482,228,687,240,767,1151,1297,1343,608,894,512,960,1156,567,737,690,740,1013,NA,1519,807,1189,1399,1407,1138,700,487,748,1130,780,1198,370,1226,820,1224,945,1288,1285,1156,780,963,1560,1164,532,1168,1238,735,799,792,960,1352,890,867,528,371,1181,1247,1084,362,928,373,1374,1129,1245,1007,1192,329,1104,1595,823,1283,1041,1088,333,959,1246,990,1006,748,1405,1255
"At3g46560",895,473,1081,840,1137,NA,844,396,721,1075,1129,1299,1065,766,573,1340,1192,151,849,1012,1038,939,276,1808,890,1134,1382,1442,1233,530,609,1243,1097,899,1229,1053,1202,929,1287,860,1160,940,1465,789,1034,1573,1210,930,1304,1294,1089,864,1253,1114,1377,1128,869,598,584,2158,1505,832,432,869,415,1248,1312,1056,882,1305,421,899,1324,977,1248,1051,998,346,1115,1434,1208,1090,467,1090,1119
"At3g47810",1114,917,1436,993,1127,497,1121,441,942,1140,1603,1485,1341,1266,680,1043,1482,301,959,1076,1112,1180,587,1779,NA,1324,1654,1571,1588,1012,637,1283,NA,1486,1331,909,1498,1112,1325,1193,1224,1218,1396,1481,1257,1238,1295,624,1436,1536,1895,1137,1711,1335,1234,1272,953,694,784,1390,1394,1209,439,1172,930,1311,1321,1487,1086,1320,473,1197,1131,1064,1410,998,1076,151,1111,1718,1472,873,569,1502,1428
"At3g47860",2076,1155,2314,1493,2098,507,1708,802,1656,922,1941,2613,1943,2096,691,2257,2533,1688,1742,2277,2103,2152,1139,3250,2274,2509,3042,3287,2432,1446,895,2730,1344,1001,2109,1094,2175,1980,2517,1977,2506,2234,2231,2031,2184,3011,2619,940,2532,2735,2265,2353,2608,2213,2342,816,1442,1200,1431,2319,2968,1750,807,2075,830,3254,2270,2430,1985,NA,1030,2464,2966,1866,2752,2318,2386,1038,2106,2754,2429,2325,602,3372,1230
"At3g48030",868,535,1041,768,865,NA,788,NA,835,1010,871,1149,1009,909,609,1042,1108,336,514,733,752,836,231,1492,861,1086,1307,1443,1152,627,377,863,1038,851,1315,1123,1030,869,913,937,1070,1098,991,786,779,1087,283,530,978,886,700,452,924,969,882,742,783,626,476,716,965,362,443,193,341,1251,1124,913,945,1213,NA,941,1238,740,1447,895,945,297,959,1211,837,1215,460,958,984
"At3g50860",851,231,569,759,1562,405,804,271,768,822,1184,1617,1181,648,496,1003,2135,971,1541,900,698,1371,NA,2418,1013,860,771,1016,1300,297,310,760,942,374,2122,717,920,821,1102,852,1633,736,709,1512,584,1098,1998,454,1973,1711,645,1559,753,598,918,1141,1588,550,806,1879,912,272,345,648,270,1326,1094,786,727,NA,NA,913,874,936,806,651,1741,325,636,1934,1537,896,277,1906,775
"At3g51800",678,1387,1206,1985,1327,1096,1728,1454,846,2411,1721,1556,1438,1312,961,1554,2191,NA,NA,1215,1247,1485,798,1993,1231,2910,1973,1773,1595,1533,1407,1053,1431,1967,1391,637,1415,1361,1321,1418,1751,1456,1343,1435,1309,1138,1554,931,1168,1693,1311,2385,1327,1520,2736,1942,2112,1533,846,1376,1354,2991,1459,1436,1112,1780,1375,2564,1425,1685,1055,1584,2525,2116,1682,1500,1299,1217,1180,1607,1377,1481,1566,1527,2729
"At3g52300",804,417,1093,819,927,299,724,308,741,980,1333,1163,827,993,987,1156,1535,609,718,1895,1696,1815,341,715,386,998,1207,2785,862,690,556,1127,989,799,1007,1092,988,1671,1182,995,337,737,1178,752,1026,1067,1891,554,2207,1656,856,581,615,989,977,1610,795,570,649,1889,2179,1068,NA,682,153,1596,939,1139,1032,1220,448,966,1250,798,616,539,1309,354,986,915,1138,1423,289,1986,966
"At3g52750",1998,1131,3515,1150,1925,259,1208,409,1491,779,890,1386,821,426,821,1979,2343,1457,1938,933,1814,395,502,1662,2399,2391,2581,1664,2633,1078,862,1481,1801,751,1972,1009,2330,647,2430,1391,1033,2364,2404,1928,744,2060,2578,1058,1747,1521,1959,1793,1621,1009,1562,1311,1980,897,516,2157,2182,1367,797,1101,661,3037,2024,1704,2110,2395,556,1104,1890,989,861,1505,1668,1224,1913,1464,779,1508,958,1068,1583
"At3g53140",1885,691,1196,838,2379,535,1513,801,2162,2309,1997,2199,2326,1838,1325,2465,1693,825,1689,1793,1902,1881,517,2245,1909,2396,2691,3476,1665,1570,1237,NA,NA,1716,1995,2201,2304,2394,2495,1812,2271,1742,2593,1889,2131,3098,1809,1132,2143,2232,2516,1910,1888,1842,2108,1785,1042,1466,897,2015,2095,785,842,1890,1042,2082,1531,1458,2029,NA,347,1848,2318,1903,2969,2003,1875,1296,1839,2707,2328,1508,961,2197,2123
"At3g57810",2668,482,2600,NA,1865,302,771,346,774,1469,2550,2332,1767,833,563,3314,1610,1283,1252,1880,1641,1312,290,2997,871,2025,893,1883,2129,1050,321,1799,1052,811,2281,700,2181,1790,1029,882,2297,2057,2467,1117,1721,1496,2255,1014,1431,1993,1831,1181,2090,2130,1505,1188,1755,379,520,1827,1457,1788,725,1175,236,1275,3125,1149,1080,NA,479,727,2709,1321,2582,1883,1927,444,1893,958,1349,2193,662,1363,2135
"At3g57870",1152,614,1140,693,1054,305,1191,822,968,1223,1388,1204,896,1312,926,577,1178,1450,762,961,1699,1197,337,1615,799,1388,1453,1531,1459,1022,556,2451,1134,773,2214,1324,1229,1424,1469,1267,1447,1042,1433,1268,1263,1731,1182,1501,1648,1431,1172,1138,1382,1088,1433,805,1117,536,656,1375,1553,1083,1172,661,584,1774,1148,1423,1158,1265,411,1342,1653,747,1728,903,1074,587,1255,1657,1267,1172,518,1480,1315
"At3g60600",972,472,1022,744,737,304,1604,454,809,1750,1064,1153,856,762,1132,1972,690,593,822,866,842,1008,244,1322,746,921,1165,1314,1195,785,502,918,1069,698,1133,664,1097,829,1142,812,1268,996,1198,756,1063,2838,902,744,1574,1105,758,731,1111,896,1114,714,667,532,1134,1042,1447,849,487,751,386,1218,737,1051,880,1130,NA,979,1239,746,1463,978,810,399,872,1113,807,932,581,1002,857
"At3g62600",876,413,964,738,904,432,848,564,787,1003,1489,1070,919,989,786,1038,850,941,820,866,857,1103,279,1561,691,1128,1142,1567,1076,589,365,1286,1149,712,1279,1049,1252,906,1352,965,1141,1037,1252,853,1108,1417,1248,509,1514,1446,1040,942,1244,NA,975,785,781,372,555,1089,1344,1052,344,360,370,1187,1011,1098,494,1146,347,1049,1703,842,1344,1171,1023,811,1004,1358,1346,517,497,1191,1129
"At4g00585",874,350,1134,821,882,NA,411,329,366,724,1153,1272,1044,824,487,845,707,651,503,812,235,911,268,1217,379,924,1041,1200,960,536,151,961,869,288,986,494,1025,659,922,577,1045,918,962,723,891,1557,1032,672,1447,1239,1001,959,1049,993,981,738,728,369,537,966,1144,599,NA,436,436,416,941,1090,808,1009,NA,1107,1273,794,1129,709,891,342,661,1226,1174,1016,333,986,1042
"At4g01100",1598,1474,1504,1483,1410,1115,2446,783,1764,1350,4368,5274,3098,1708,2936,1720,1737,1870,2653,1536,1705,3589,1680,2082,1445,1784,1852,1823,1715,1360,2304,1919,1573,1423,1751,1966,1736,1629,1871,1740,2909,1190,1847,1491,1630,2562,1584,3699,1887,1837,1693,1589,6575,1669,2026,1412,2875,1513,2062,1749,3188,3331,1207,3177,875,2124,1738,1763,1880,2432,1362,1721,1789,3188,3063,1777,1552,1864,1884,1841,3521,1770,1248,3520,1592
"At4g01310",2005,953,2354,1077,1383,507,1566,833,1710,2346,2738,2476,2300,2162,1223,1644,2086,1856,1647,889,976,1747,730,3027,1905,2097,1949,2465,1828,1303,999,2057,1258,948,2394,2097,2278,2192,2355,1744,2406,2249,2329,2219,1876,2259,2449,410,2352,2184,2127,1906,2275,2241,1920,1762,1936,1135,1247,2218,2671,NA,940,1698,755,2625,1957,2325,2099,NA,NA,1983,2974,1749,2630,1850,2235,851,1975,2461,2327,1218,1199,2283,2269
"At4g01710",566,372,2208,796,2088,329,839,474,796,NA,1457,1257,1060,906,716,1047,1117,867,624,1409,840,870,317,1642,885,1159,1364,1387,894,NA,264,1381,1509,775,348,823,1096,1793,1352,139,1341,1056,1026,980,735,1493,891,989,1151,1261,1314,1037,1034,1317,1239,2179,939,625,491,1116,1341,840,357,696,369,1342,1188,1165,1384,1245,267,927,1486,794,1374,1120,1054,548,1048,2480,1149,1009,561,1360,2279
"At4g02790",837,436,1006,805,751,NA,828,314,765,980,1171,1141,859,1114,705,956,1289,152,702,748,1007,1049,NA,1404,970,1004,1098,1193,1505,568,307,1296,1218,949,1101,910,1204,1269,1001,1091,1238,1052,1006,842,890,1534,953,851,969,1353,1054,814,1382,1083,1102,804,756,422,542,952,1361,836,308,865,340,1613,938,1336,760,1091,214,851,1431,636,1129,312,1022,338,901,1187,1024,870,296,967,964
"At4g02980",865,377,955,NA,1045,360,607,316,734,928,1213,1145,1251,1096,825,1066,954,978,757,1119,806,766,543,1383,1000,1161,1475,1412,1112,599,373,1111,1110,830,1129,440,1021,949,957,1007,1185,1272,1807,885,1170,1553,1254,429,1223,1107,1116,1009,1330,1022,1079,1128,666,493,566,1092,1241,914,322,953,371,529,897,1071,1008,1149,1047,1069,1518,844,1188,942,815,478,926,1334,1467,1031,304,1015,1115
"At4g03100",1631,895,1654,1234,1543,667,1473,602,697,1467,1643,1640,1604,1682,1389,1537,1193,767,858,1472,1422,1369,286,1972,1459,1691,NA,2685,1426,1146,296,1630,1260,1370,1548,NA,1207,1584,1353,1418,1469,1633,1548,1460,1318,1736,1995,765,1833,1718,1314,1535,1372,1612,1802,1391,1022,914,1158,1507,1774,856,571,1320,1205,1978,1435,2014,1246,1503,694,1664,2147,1012,1683,1547,1585,713,1829,1499,1753,1342,903,1848,NA
"At4g03560",975,671,1220,923,1083,188,994,234,967,1275,1572,1365,1181,1133,713,1369,1335,1019,888,1050,1267,1414,434,1576,1172,1281,1542,1594,1375,602,674,990,1367,948,1360,2364,1259,1046,1428,1068,1755,1235,1295,1017,894,1702,1239,750,1481,1496,1059,1269,1792,1153,1332,1104,1014,572,661,1317,1638,1452,549,995,495,1606,1359,1249,998,2014,404,1427,1726,1158,1445,1356,1154,437,821,1461,1162,1118,685,1478,NA
"At4g04210",607,392,1101,803,754,284,747,441,835,1113,1233,1175,989,1113,843,1199,1249,988,799,506,1009,985,364,1453,1247,1097,1263,1448,1245,616,335,1022,NA,934,1344,1278,1194,929,1361,1019,1250,1038,1066,1018,1037,1272,1008,388,1117,1231,1056,1020,1132,1067,1094,790,939,563,589,NA,1239,415,275,871,348,1561,1082,1421,995,NA,239,1166,1286,908,1451,871,1276,392,889,1043,937,1109,611,1274,1052
"At4g11420",1312,736,2645,946,1110,293,1310,689,994,1050,2636,1441,1100,1132,956,2609,1639,1088,973,1185,1262,1187,652,1964,1078,1501,3162,1363,2814,821,1059,2412,2825,1060,2724,1984,1291,1139,1448,1272,1453,1204,1440,1303,1209,1796,2650,1240,1359,1526,1271,1118,1053,1271,2481,1176,1060,743,775,1312,1458,1005,754,1207,994,1539,1308,1190,1252,2745,705,1276,1491,1011,1481,1343,2392,658,979,2798,1225,1340,763,1489,4410
"At4g12780",939,491,848,749,816,358,801,286,756,921,1156,1027,864,875,351,1004,1053,746,532,849,852,758,320,1429,800,508,938,970,961,774,NA,618,1194,798,1145,636,1138,459,772,922,1052,1057,1187,880,934,1266,1061,625,896,911,961,955,812,1214,1086,656,866,586,472,937,1129,807,232,721,458,1387,959,1125,865,1259,385,848,1427,705,1019,786,890,424,879,814,862,1076,289,1044,886
"At4g12790",949,250,952,1137,1292,387,942,381,714,1182,1096,991,1136,835,681,1055,1169,779,700,498,696,695,255,1853,834,1150,1403,1598,1102,662,261,974,1246,870,1206,579,1154,842,1047,1010,1422,1186,1344,951,995,1256,2316,493,1274,1450,1313,948,1848,1187,780,988,955,664,650,1074,1703,1063,255,1122,436,1539,1119,813,935,1273,NA,1278,1557,900,861,1249,929,431,1053,1260,907,1181,223,1429,1318
"At4g14110",1246,772,1330,1105,1740,597,1294,781,877,1497,2028,2246,1798,1867,803,1707,851,1495,2400,1859,1860,2112,496,2388,1970,1426,2360,2103,1111,926,760,1672,2531,1363,1977,999,1643,2141,1773,1870,2124,1861,1881,1818,1569,2111,2929,2138,2111,1983,1788,1651,2040,1856,1888,1483,1264,1113,1206,1680,2154,1238,811,1724,758,2351,1464,2253,1674,1960,618,1661,2266,1593,1837,1617,1871,683,1923,2151,2111,1865,1213,2011,1653
"At4g14710",786,438,1157,885,802,388,806,256,808,981,1184,1094,1133,885,574,1010,1180,612,739,903,840,1163,NA,1361,776,1167,1322,970,1119,807,498,998,1057,894,1093,934,1284,781,1061,783,1181,1122,1294,924,1031,1444,1288,384,1106,1282,964,826,955,986,1047,459,954,521,484,873,894,581,336,847,291,671,1074,1250,921,1108,394,1025,1440,912,1111,976,1018,364,951,1131,1076,926,470,1141,1078
"At4g16210",2225,920,2236,1732,1993,333,1560,466,1305,867,2476,1852,1391,1570,767,1430,820,1212,1588,1526,1042,1627,505,2021,1121,1543,1751,1705,1628,1157,920,2214,3731,998,1853,1378,2212,1494,1565,1171,1737,1629,2378,1230,2016,2842,2076,NA,1563,1438,1545,1517,1493,1968,1416,1416,1684,782,1156,1491,1348,1373,737,1564,702,1937,1858,1568,1976,NA,859,1424,1957,1789,1639,1275,1310,1330,2403,2344,1492,1561,976,1414,1573
"At4g16520",1862,364,NA,878,1060,401,1658,407,1585,1081,NA,2380,1109,1003,362,1241,1619,1201,465,2428,663,1138,558,1632,959,1262,1336,1389,1497,715,376,1259,2398,2641,1234,1944,1785,1642,1326,614,1289,1194,1259,462,1680,1414,1369,709,1351,1292,1662,500,1199,2396,1515,781,1567,345,389,1266,1400,358,389,1176,374,NA,989,1297,989,1306,561,1610,1411,887,1658,952,1454,302,1022,2621,1776,1025,761,1348,1225
"At4g25370",3797,919,5220,890,1978,253,1439,459,726,2687,3603,3204,2243,2143,534,3284,2197,1816,1490,1273,3113,3076,238,8900,2744,3613,3695,NA,2362,1344,1311,2198,1078,2809,4308,2540,4086,2955,3313,3092,2755,4457,4655,3092,1908,2447,4603,568,4765,7040,2773,3064,4831,3957,4027,2877,2628,1059,1081,3159,7272,2592,336,758,1224,2543,2678,3332,1795,3526,317,1712,2602,2679,5236,4564,1996,747,2851,4405,2080,3560,1463,5078,4491
"At4g26100",1000,369,1210,808,1169,256,766,400,792,1052,1242,2499,1036,1120,985,2296,1212,856,1007,892,1007,1154,630,3277,975,2462,1330,1137,1415,684,286,1084,1319,913,1412,1807,1109,960,1296,904,1345,1144,1159,769,973,1692,1472,579,2410,2652,1238,1168,2405,885,931,1007,928,515,495,1042,1299,1313,404,1030,436,3129,963,2575,981,1411,392,972,2912,942,1387,813,863,552,923,1254,1249,2302,879,1418,1174
"At4g31930",2062,826,1916,NA,2123,613,1082,620,1509,1447,2227,2592,2304,1974,1139,1548,1175,1158,1392,1884,889,2137,520,2787,1968,2465,2609,2500,1939,985,798,1212,2671,1285,2418,1501,2248,1721,2332,1662,2998,2136,1547,2011,2054,2670,2344,710,2442,2506,2032,1993,2187,2237,2104,1796,1524,1138,613,1895,2449,1302,648,252,753,2812,2088,1810,1810,2400,364,2012,2753,1412,2482,1751,1951,724,1874,1938,2664,1831,683,2364,1520
"At4g33250",1617,627,1215,969,1435,359,808,NA,760,1488,1270,533,1332,1094,495,1591,1738,738,1164,1436,1283,1444,420,1642,1084,1554,1379,1814,1509,985,570,868,1395,1509,1795,1197,1673,1422,1097,1310,1120,1632,1565,1379,1260,1823,1603,851,1436,1535,1314,1400,1380,1501,1350,1392,1090,578,581,1711,1616,1254,704,1183,435,1887,1379,1298,1431,1472,487,1526,1791,1094,1544,515,1546,413,1413,1263,NA,1281,581,1691,1092
"At4g34430",1848,717,1926,979,1905,453,1429,432,1662,1374,2147,2360,1429,1649,1134,2015,1297,1420,1442,1659,1597,1766,NA,2455,1614,2010,2104,2459,2277,1432,1037,2295,2151,1335,2362,1345,2050,1746,1949,1943,2050,1949,2134,1721,1568,2539,2046,579,2130,2114,1540,1972,2144,2021,2054,1976,1748,963,895,2170,2313,1383,755,1297,608,2533,2127,2102,1924,2117,332,1837,2499,1195,2048,2079,2020,609,1717,2115,1892,2217,607,2096,1505
"At5g04420",684,350,1115,490,725,318,769,304,807,377,1161,1114,936,1072,170,1028,965,877,702,1059,909,962,432,846,792,541,1223,1131,612,623,248,1036,598,462,877,NA,1084,841,1033,835,1129,664,1314,895,1080,1592,856,676,1231,1166,1031,971,1193,964,1059,856,795,527,594,1160,1252,719,265,938,282,1508,NA,940,713,1094,237,1374,1097,721,1172,939,760,341,834,1167,1109,921,594,1313,1153
"At5g05920",2697,1097,3640,1716,2601,558,2115,349,NA,2974,1537,3709,3916,2889,3504,4529,3885,374,3170,1338,2130,3646,817,1833,1303,3488,1479,1595,1803,946,831,1808,2042,1528,5094,3554,3451,4071,2771,3643,3476,3929,3113,3355,2612,3544,3370,2688,2574,3768,1318,2568,2816,2572,3139,3997,2271,885,1050,3597,1679,1204,1797,2995,682,2291,2791,2394,1441,NA,1326,2897,3367,1133,1610,3435,4019,1677,2667,1468,4633,2767,1260,2087,2842
"At5g08370",1311,653,1128,739,801,NA,857,771,1105,1066,1176,1470,1061,777,644,1084,947,857,762,945,1034,398,260,1608,784,1262,1139,1116,1424,665,282,986,1177,1287,1873,1591,1146,1094,1168,721,952,1093,1202,940,1053,1404,1181,867,1202,1089,896,921,1516,1172,908,621,1009,715,476,996,1139,1109,230,848,258,1375,1291,1231,896,1145,NA,1023,1439,831,1108,814,1062,627,947,1345,1100,1109,702,1348,1185
"At5g09920",965,385,NA,NA,880,389,831,342,804,750,1203,755,900,1648,657,1171,1308,642,797,908,1080,859,604,1607,810,2257,1170,1148,1238,802,245,972,1222,892,1848,737,756,673,1040,819,1158,1098,1102,991,1107,3003,1204,1131,1102,1136,967,996,1285,1063,1142,813,736,1121,359,986,882,940,592,875,401,2678,1254,1585,989,3500,345,796,1417,837,1157,848,1241,325,1112,1686,1039,1228,552,1124,1324
"At5g10480",739,946,985,789,792,397,743,598,765,1409,1118,2374,1986,1170,1092,999,2375,587,798,771,915,1146,NA,2343,790,1155,1432,2465,2228,711,617,1195,2559,894,1137,1166,1036,942,925,2705,1022,993,2230,1446,1169,1436,1137,1002,1838,2036,792,1002,1021,1333,2110,870,1044,442,507,1909,2220,1035,404,868,350,2756,1053,1137,848,1035,NA,1578,1431,824,1934,1125,899,753,1053,2338,2045,1016,510,1836,1180
"At5g11500",2872,1633,3042,1538,2039,734,2302,978,2142,2345,3274,3794,3235,3025,1885,3100,2691,2941,2475,2039,2522,3034,944,3977,3238,3239,3748,3753,2904,2300,1181,2191,3285,NA,3630,2337,3140,3104,3281,3044,2817,3060,2813,2676,2462,3773,3624,2071,3708,3397,3074,2812,3345,3235,3329,2563,2606,1850,1615,3046,3546,2491,1221,2294,1299,4170,2906,3027,1962,3324,651,3236,3714,2253,2182,2957,3259,1219,2741,3486,2663,3453,1341,3289,4416
"At5g11680",937,526,1044,753,884,287,609,390,781,1041,1329,1149,1035,901,524,1087,1733,615,810,973,1110,1597,NA,1574,738,1210,1405,1453,2511,1084,755,1074,1119,874,946,2125,1183,871,693,1010,2575,928,1125,958,931,1546,1214,472,1285,1453,1159,976,1269,1105,1174,1009,803,469,635,1350,1603,378,289,1028,411,3090,1237,1136,992,692,327,1198,3131,1122,1325,1244,1027,227,1030,1318,1135,1074,677,1370,890
"At5g11950",1002,479,1165,828,994,431,698,398,800,1052,1152,1090,1156,1039,709,1079,1069,785,623,948,1656,933,298,1454,1130,1266,1470,1595,1104,497,253,1733,1279,329,1253,840,1105,933,1293,1599,1136,1085,1332,968,995,1572,1173,616,1161,1219,1114,1027,1171,1135,996,816,798,551,438,1042,988,869,297,757,298,1594,1646,1195,1028,1234,572,1031,1183,698,1424,1179,1069,292,1102,1416,1139,1110,616,1159,1097
"At5g12040",957,457,1114,737,918,282,873,363,926,1590,1319,1243,1087,970,554,712,974,830,629,1018,767,1256,231,1276,628,1184,1323,1456,1280,630,672,857,959,935,1097,1197,1232,980,1417,931,1215,1049,1312,858,1033,1505,934,1387,855,1301,1006,808,1425,1180,NA,664,811,603,532,1352,1325,913,395,961,362,1482,1152,1179,941,1206,334,1281,1326,1000,1256,1445,1031,430,877,1289,184,1007,582,1570,949
"At5g14220",1048,322,1128,501,839,285,819,282,824,1089,1294,1178,1045,1084,915,1272,1442,240,892,1041,1063,1116,290,1649,891,1424,1315,1110,1339,579,379,1048,1412,810,1171,954,1230,1068,1490,1141,1124,1166,1275,1043,1067,1476,1259,890,1146,1366,1199,859,1105,1025,932,1071,930,704,583,1267,1573,1269,253,897,491,1683,1261,1273,1051,1365,323,929,1563,882,1217,1125,1025,462,887,1226,1105,1061,656,1044,1177
"At5g14250",1020,536,1014,835,1059,309,872,517,737,637,1211,1197,827,1075,714,1123,1626,908,721,1163,1034,1174,317,1594,709,444,1263,1494,1287,936,400,851,1296,586,1234,887,1041,1122,1024,953,1280,1082,986,1003,1253,1688,1081,791,1360,1210,1377,978,1337,1010,1306,875,NA,508,601,1153,1505,1225,NA,1017,411,1693,985,783,1063,NA,471,1151,1549,1050,1247,849,931,487,935,1423,1322,1085,480,1213,536
"At5g14320",2196,941,2096,1469,2180,328,1714,681,1384,2658,2446,2111,2212,1954,1356,2265,2183,1691,1603,1905,1850,1686,880,2617,1736,2173,2090,2761,2092,1281,627,2145,1750,1657,2574,2448,2239,1967,2257,2010,2260,2111,2323,1752,1885,2470,2166,NA,2235,2359,1982,2047,2285,2026,2027,1916,1703,1012,1138,1935,2100,1600,912,1561,767,2366,2008,1554,2183,2367,869,1926,2217,1876,2229,1917,2130,675,2136,2413,2038,2186,702,2068,NA
"At5g15610",1023,300,1027,1168,430,272,709,258,692,913,1181,1308,923,957,609,978,1182,148,663,830,818,892,336,1514,897,1188,1288,1068,1124,591,317,938,1078,732,1032,1074,1001,828,1139,841,1379,984,1238,797,1181,233,1064,630,1216,1187,881,463,550,974,968,895,750,577,551,1077,1362,995,428,677,367,1475,1109,911,1039,1107,NA,1005,1235,751,1172,857,928,445,781,1198,1022,910,349,1089,1026
"At5g15750",2376,1252,2413,1883,2941,296,1494,761,1857,3547,1986,4015,2411,2829,2004,4659,3681,1264,1991,3074,1712,1377,759,3906,3074,2577,2781,3379,4425,709,695,1402,NA,1709,3214,1798,2559,2241,2981,3733,2977,2366,2799,1237,2333,4153,3700,1839,2433,2681,2153,2220,2148,1510,3585,1590,2123,1591,1278,1936,2597,1991,272,2324,1089,4591,2644,2847,2634,NA,666,2241,2927,2012,1978,2043,2028,1337,NA,2395,4209,2480,1605,2093,4291
"At5g17560",1074,285,1145,1185,987,399,804,262,793,956,1340,1221,1003,1058,875,640,923,806,772,963,1001,984,302,307,788,1214,1392,1513,1420,673,572,1244,904,353,969,527,1152,1001,1089,912,1504,1212,1269,714,779,1427,1297,576,1451,1239,1152,878,1169,1134,1166,891,938,460,541,1020,1525,650,281,807,385,1434,1139,1314,1057,1265,347,1234,1431,844,1051,1153,1033,470,1058,1276,681,1105,320,1413,1250
"At5g20070",1039,369,1100,NA,382,382,787,332,1354,1167,363,307,351,293,476,314,1198,796,627,815,647,1030,236,351,449,1012,1474,633,1505,620,325,963,155,707,957,758,927,944,966,286,826,454,541,320,788,1573,1043,345,349,268,1188,403,326,840,1134,766,975,283,595,1118,772,365,257,381,350,492,1097,1137,820,NA,232,1158,296,887,316,1374,634,266,1121,1237,302,978,527,299,1150
"At5g22360",1737,1131,2378,1636,1911,716,1704,847,2422,2869,3972,2216,3273,2903,1413,1938,2760,1772,1691,1886,1401,2097,759,4365,2589,2892,3343,3091,2113,1734,834,2119,1226,3865,2637,1327,1690,1679,2048,2609,2911,3658,2055,2927,1833,2383,2611,2445,3511,3464,2525,2319,2922,2489,3008,2080,2653,1550,1481,3229,3005,1871,718,1788,987,3064,1954,1934,2230,1715,339,1950,3882,2011,3706,2927,3281,1122,2175,2903,1948,2587,884,3027,3494
"At5g25080",632,579,758,692,798,NA,711,342,815,784,1233,1182,846,1023,834,1076,1134,434,606,909,875,992,NA,1343,926,1110,1420,1337,968,569,401,636,1147,786,1012,1014,1027,1052,1184,1130,1143,1022,1194,673,606,1498,1092,697,1246,1079,1095,995,996,1039,1205,711,760,492,669,761,951,669,340,721,330,1214,960,1039,1029,1331,266,957,973,928,1156,846,929,471,965,1345,1246,248,472,1049,1095
"At5g25757",2192,1500,1887,2514,1774,661,1628,896,667,2539,1605,2307,657,2321,1476,2174,1357,1402,1247,1490,1863,2729,909,2262,3212,1335,2597,3078,2724,929,1035,NA,1381,1489,2357,NA,3410,262,1136,2281,3227,3922,2141,3080,2327,2687,1505,782,4119,1617,2063,1716,2372,3279,3201,3122,2363,1067,835,1098,3079,1833,411,1723,950,2923,2731,2436,1354,1369,417,1731,3143,1511,2866,2125,2137,1206,1806,4166,1406,2182,1891,1563,319
"At5g26240",1453,472,1444,1431,2104,NA,1621,643,1126,1553,2260,1731,1560,1284,1177,1182,1787,1245,1330,1337,1473,1607,582,1974,1635,1374,1733,1777,1612,1385,664,1586,1656,1396,1582,1433,1310,1377,1300,1453,1931,1505,1381,1472,1442,1893,1666,1005,1984,1726,1734,1124,1526,1507,1432,1191,1288,1018,1046,1450,2106,991,1107,1439,1274,1984,1534,1879,1475,1534,975,1221,1985,1846,1691,1661,1139,748,1486,1732,1492,1571,1087,1889,1723
"At5g40370",1181,433,1138,834,791,303,616,546,966,442,1110,1161,844,1101,643,1107,689,694,872,1022,603,946,387,1033,718,484,1297,1404,1121,1132,679,1063,447,387,1318,576,1057,1484,843,1052,757,850,1142,502,998,1409,911,567,474,443,1206,1107,1392,612,461,1108,877,644,427,952,1145,446,324,346,423,1160,1079,871,1034,1220,260,849,1095,615,512,621,828,598,1051,1119,693,937,629,990,1228
"At5g42800",1114,579,1066,998,1165,832,1000,592,1009,1073,1251,1064,1332,1158,631,1047,1143,785,756,865,1363,1040,604,1750,1164,1292,799,1678,1358,908,518,1322,1131,923,583,1103,1114,1095,1093,1134,1086,1216,952,987,1110,1657,1404,977,1413,1013,912,1186,1073,1278,1321,901,734,710,660,1359,1507,1245,430,1202,522,1546,1309,1422,1057,NA,NA,1190,1627,1011,1396,1235,1104,622,1109,1603,1304,1334,663,1454,1394
"At5g46390",931,812,1379,1020,1456,NA,954,356,1613,1712,1709,1795,1810,1634,1398,1021,1676,1035,1266,1762,1406,1994,500,2264,712,2078,2083,2140,1896,987,703,1811,1819,900,2188,NA,2031,1771,1640,1484,1699,1996,2093,1557,1651,2171,1824,375,1955,2066,1754,1771,1891,2183,1898,724,1476,1058,1156,2022,2157,1004,336,1101,434,2067,1684,1897,1613,1716,352,1807,2171,1566,2035,1665,1602,930,1854,1283,2042,1747,747,1878,1869
"At5g47570",970,261,1016,599,788,NA,859,313,790,1382,1250,1101,1011,977,781,914,579,662,276,985,326,917,230,1326,1008,1091,1048,1434,1004,775,526,344,396,636,979,1157,401,837,677,957,1098,911,1180,750,688,1205,909,621,1176,1326,1048,729,1280,884,1327,919,426,473,696,840,1080,436,247,828,332,1491,736,853,887,980,NA,1077,795,623,1191,604,888,430,871,1468,798,1166,402,1103,926
"At5g49960",764,439,348,881,1323,326,922,689,725,520,1462,1632,1585,1637,983,1669,1180,613,1281,1467,328,1256,483,1828,728,1201,1693,1534,941,992,535,1358,392,578,1790,535,892,1467,1265,1085,595,1256,1366,1283,1372,1793,1780,934,1421,1469,1565,1490,2110,717,692,826,726,691,680,1510,1381,934,502,1157,397,2097,1169,2069,1474,1825,516,262,2090,1243,1878,1418,1647,679,1483,2270,1290,735,697,1185,401
"At5g52520",918,385,1189,843,1140,NA,871,364,1583,927,1247,392,1153,1114,569,1013,2124,936,777,1136,903,1176,345,1735,721,1133,1577,2207,1322,596,452,1309,1086,762,1213,941,2622,872,2586,1008,1409,1203,1284,1161,860,1840,1179,503,1399,1200,1962,999,926,792,1428,947,858,571,732,1127,1551,1294,311,1031,NA,1307,1140,892,959,1259,340,1094,1504,927,879,1196,1205,361,1000,1411,1392,1130,515,1408,1141
"At5g53280",1181,366,1127,555,1492,NA,869,571,771,691,2336,1523,1045,1196,945,1095,1449,448,679,992,1006,789,456,1796,780,1191,1368,1244,1252,731,429,1258,1243,615,1293,962,1160,862,1179,1022,1326,1135,950,971,980,1422,1315,1046,1620,1307,1166,985,1412,1337,1234,1096,842,536,669,1127,1380,722,357,883,345,1320,1015,491,946,1982,323,1018,1603,1603,1464,984,1178,393,928,2795,1143,1321,517,1235,1085
"At5g53650",708,273,1043,850,850,NA,897,334,791,666,1426,1192,518,1086,451,693,849,168,526,831,677,684,262,371,883,1055,823,1264,1073,568,289,1351,944,578,980,865,903,555,782,808,1351,282,837,731,900,1531,905,272,1229,716,692,821,1021,923,1003,747,442,NA,596,634,1368,806,248,487,380,994,827,1057,609,1020,242,737,618,628,814,686,572,394,757,1413,996,836,417,1100,768
"At5g55260",3938,984,3462,1735,1086,425,1808,876,2360,2639,4623,1276,2636,2852,1386,2373,1024,2093,2619,1034,1723,1908,874,4079,2844,1249,2963,1633,2179,1733,395,1925,3079,2747,1020,1345,2569,927,2415,2911,3216,3387,3598,1073,3116,3562,NA,987,2549,2564,3745,3146,1222,3209,1616,1061,1564,564,1775,1264,2419,993,320,931,504,2970,1606,2241,2058,2650,753,2967,3646,2621,1605,1660,905,756,977,2329,2067,1176,1867,3508,2304
"At5g55610",695,341,1164,776,902,366,709,419,820,1017,1253,1276,914,918,571,1080,337,691,856,977,885,1021,300,1599,NA,711,1378,1415,1368,601,641,1224,1112,829,774,1284,1064,952,1189,865,1475,1027,1078,941,1047,1631,1266,824,1269,1269,1154,823,1339,1057,995,752,922,559,546,1084,1429,967,NA,361,334,1262,1181,958,1069,1135,232,1136,1331,845,1595,697,1078,437,1088,1397,1036,993,377,1224,1041
"At5g56130",892,543,1160,807,861,314,700,461,872,599,1335,1125,1110,1057,534,1097,1415,912,902,867,1112,1089,NA,1614,944,1214,1350,1465,1323,645,356,1197,957,706,1169,861,1058,971,1161,929,1189,1068,1264,1024,922,1447,1083,720,1314,1330,1079,1027,1192,1217,1378,733,966,588,626,1319,1034,685,271,830,514,1320,1109,1078,1109,1440,394,1093,1086,1001,272,1180,960,380,1151,1340,1090,1078,328,1095,826
"At5g56290",1355,649,1395,729,1109,NA,923,818,1222,1217,1468,1465,1103,1460,1228,1402,1586,825,856,805,1078,1334,300,1914,1146,1060,1402,1695,973,1013,834,1430,1091,1015,1293,1047,1326,1196,1290,1270,1057,880,1299,1217,1348,1784,1360,547,1452,1719,1147,1406,1487,1326,1766,1072,1107,811,822,1702,504,1326,311,1178,640,1401,1486,1542,1104,1061,754,1459,1606,1228,1628,1126,1252,697,1399,1589,1163,1302,589,1730,1219
"At5g57860",953,631,775,781,820,277,804,280,744,1086,1217,1225,702,557,336,1001,254,872,667,855,521,773,297,1427,871,1220,1576,1439,977,671,543,1162,1074,749,384,635,1261,969,935,608,1365,844,1272,1025,959,1418,1091,615,1275,1289,973,805,1276,1133,893,732,536,457,435,810,941,176,283,579,396,876,937,519,949,833,258,910,351,569,1293,647,968,328,913,961,334,1126,363,768,NA
"At5g58560",269,821,1238,1743,2168,597,2598,1230,2414,948,1325,2704,1986,2149,2102,1967,1145,3302,1823,1596,2394,1718,1414,2578,3005,2368,2849,2810,2950,1374,1539,3469,894,2459,694,1098,2724,1409,1299,2564,4022,3827,1678,1717,3305,NA,2741,1748,1550,1163,3496,1492,3075,2776,2703,2127,2377,1956,1370,1147,1720,2699,1115,2191,1285,2924,2729,2699,1988,2994,979,1217,3741,1771,2509,3732,2708,1302,3130,4660,1059,1096,1958,1246,861
"At5g59180",825,373,1105,814,2499,NA,834,656,790,1136,1292,2376,3446,856,823,1005,2162,725,1429,1916,1804,1214,316,1583,848,3842,1483,1329,952,790,552,1337,1332,1637,1160,1976,1236,961,1385,837,2441,1126,1276,1335,965,1515,1362,955,599,1200,1107,2827,2567,2945,1568,1807,1709,1098,637,2498,1402,1205,1006,776,276,3008,1090,1215,1120,1164,362,925,1677,900,2213,1294,949,434,939,2704,1126,2269,398,1388,1200
"At5g59610",737,373,1035,766,843,NA,917,NA,762,680,1307,905,841,710,421,731,155,593,857,735,691,567,286,387,941,717,1528,1123,916,399,461,999,1359,698,695,574,1226,554,1023,855,1241,1136,1179,767,1020,1524,759,574,1054,1069,1175,958,495,757,341,682,543,482,531,1007,537,407,342,669,359,1085,1170,985,778,883,284,1013,1346,854,1006,500,862,598,866,1000,960,1024,498,899,1008
"At5g64040",784,387,1053,715,1034,NA,732,253,794,1016,1157,1044,1049,759,475,1030,1098,469,709,757,423,786,236,1238,956,1119,902,1290,1181,784,414,917,1168,758,1103,917,918,883,1045,796,1096,1111,805,710,863,1449,1038,616,1184,964,966,818,986,1088,1295,768,548,524,522,693,1132,544,348,946,342,1448,1129,1219,966,1207,417,863,1295,649,1137,336,1003,311,939,1269,1121,1078,152,1033,1007
"At5g64180",2592,1160,2560,1364,2139,NA,2051,1125,1865,1657,3142,3171,2751,2717,1275,982,2267,1206,1759,2620,2265,2516,240,3349,1386,2680,2956,2878,2838,1941,1105,1983,1618,1177,2998,1262,2890,2192,3238,2361,1649,2690,2800,2333,2181,3602,1692,2026,3024,1732,2577,2616,3041,2687,2730,1529,2099,1472,579,2839,2430,545,NA,1936,1262,1961,2707,1611,2374,NA,472,2515,3513,2114,2788,2357,2655,671,1498,2756,2933,2906,1256,2697,1843
"At5g64370",NA,546,2244,879,1162,NA,892,404,820,1039,1219,1368,632,840,668,1140,1047,854,772,272,964,1037,269,1477,886,1474,1245,1706,1154,700,515,1414,1156,941,1256,792,349,737,1270,1009,645,1155,349,1009,987,1627,1276,958,1172,1387,1233,1019,1251,1064,1291,1056,985,632,763,1096,1362,895,328,358,435,1612,1155,1072,943,1272,271,860,1530,1174,1398,1264,1120,498,1019,1594,932,1065,606,1461,1146
"At5g65270",533,477,NA,1694,833,338,1836,1122,1793,854,317,403,1532,233,1232,1499,1082,2209,545,565,805,2456,667,266,2142,3372,549,2805,1491,1202,990,2105,1499,1689,630,499,2322,541,1359,1968,546,341,2202,2757,1702,1669,1262,1098,3071,2688,2250,564,1452,565,2372,2531,1884,1234,716,2684,2627,1019,716,2257,NA,670,2161,972,1523,887,559,1381,271,2609,3213,1819,2016,1094,2756,3770,NA,1122,1603,2558,2729
"At5g66680",936,331,1153,815,1077,178,1454,286,851,1183,2776,1131,1207,1046,342,1147,895,363,984,948,1013,1069,259,1600,901,1147,3133,1297,1161,764,470,1049,2739,833,1194,1033,1272,969,1347,953,2550,1024,1379,1127,845,1584,985,1096,1327,2855,1075,1194,1376,1100,1113,1014,932,606,488,1170,1451,912,244,1521,475,1454,1500,1141,896,1307,404,1167,1519,929,1359,1015,1101,530,985,2689,1202,1149,663,1504,1098
